{"eval/main_ru_en_std_byte_length":0.9741674787448089,"_wandb":{"runtime":630},"_step":10,"eval/main_ru_en_unk_ratio":0,"_timestamp":1.7296694745848787e+09,"eval/main_ru_en_loss":10.494821548461914,"eval/main_ru_en_avg_byte_length":3.7496449628116597,"_runtime":630.616358563,"eval/main_ru_en_bpb":1.502669334411621}