{"eval/main_ru_en_loss":10.488853454589844,"eval/main_ru_en_unk_ratio":0,"eval/main_ru_en_avg_byte_length":3.785925807631261,"eval/main_ru_en_std_byte_length":0.9709642303038644,"eval/main_ru_en_bpb":1.4732327461242676,"_wandb":{"runtime":725},"_step":10,"_timestamp":1.729670886480737e+09,"_runtime":725.273164048}