{"eval/main_ru_en_bpb":1.3535041809082031,"_timestamp":1.7296248576471837e+09,"eval/main_ru_en_std_byte_length":0.8709962938637132,"_wandb":{"runtime":577},"_step":10,"eval/main_ru_en_unk_ratio":0,"_runtime":577.075535887,"eval/main_ru_en_loss":10.491695404052734,"eval/main_ru_en_avg_byte_length":4.023398304889178}