{"eval/main_ru_en_std_byte_length":1.0455011845445512,"_timestamp":1.7296738502743127e+09,"_runtime":812.023967788,"eval/main_ru_en_unk_ratio":0,"eval/main_ru_en_bpb":1.4472283124923706,"_wandb":{"runtime":812},"_step":10,"eval/main_ru_en_avg_byte_length":3.8741159521652717,"eval/main_ru_en_loss":10.488224983215332}