{"_timestamp":1.7296215165505004e+09,"_runtime":964.728464126,"_step":1500,"_wandb":{"runtime":964},"train/identity_loss":0.3843834102153778,"train/learning_rate":3.748499875655398e-05,"train/time":827.1591675281525}